student_id,hours_studied,attendance,previous_score,assignment_completed,sleep_hours,extracurricular,internet_quality,final_score,passed
1001,8.0,95.2,45.0,1,4.7,1,Good,65.1,1
1002,4.9,79.1,71.4,1,7.3,1,Poor,69.2,1
1003,8.7,85.0,79.0,1,8.9,1,Average,73.9,1
1004,7.3,77.3,73.6,1,7.6,0,Average,77.7,1
1005,1.8,76.0,77.5,0,7.2,1,Good,76.6,1
1006,9.8,68.6,46.9,1,6.3,1,Good,69.1,1
1007,7.9,83.2,73.0,1,7.0,1,Average,84.5,1
1008,8.1,67.8,63.5,0,6.7,0,Poor,52.1,1
1009,2.2,86.0,60.8,1,6.1,0,Average,66.0,1
1010,5.1,91.0,81.1,1,6.7,0,Average,72.1,1
1011,4.3,82.4,90.2,0,7.2,0,Average,70.0,1
1012,9.3,74.6,94.9,1,6.1,0,Good,87.1,1
1013,6.8,83.4,87.7,1,6.0,0,Good,80.8,1
1014,8.4,74.3,66.4,0,5.4,0,Average,53.4,1
1015,5.0,89.2,73.3,1,7.5,0,Good,69.6,1
1016,3.0,56.0,79.5,1,7.7,0,Good,60.8,1
1017,6.0,74.0,69.8,1,7.3,1,Average,74.1,1
1018,1.6,54.1,70.0,1,8.2,0,Average,73.0,1
1019,8.4,60.1,80.4,1,7.1,0,Good,81.4,1
1020,6.7,94.4,67.1,1,7.5,0,Average,65.0,1
1021,7.8,88.7,57.1,1,7.4,0,Good,80.7,1
1022,4.2,69.4,61.8,1,6.9,0,Poor,65.5,1
1023,9.7,60.0,77.5,0,6.4,1,Average,56.9,1
1024,9.0,45.0,68.0,1,9.7,1,Good,69.0,1
1025,8.0,71.5,73.1,1,6.5,0,Average,77.1,1
1026,2.8,100.0,78.1,1,6.2,1,Average,80.4,1
1027,5.2,83.2,62.4,1,7.5,0,Average,62.0,1
1028,1.4,71.3,79.3,1,7.3,0,Average,71.9,1
1029,2.4,83.6,73.7,1,5.3,0,Average,56.2,1
1030,7.1,59.3,49.5,0,8.3,0,Average,52.2,1
1031,7.7,74.4,89.6,1,6.9,1,Average,86.2,1
1032,9.7,79.2,60.5,1,5.7,1,Average,70.5,1
1033,3.9,77.0,43.2,1,8.4,1,Average,59.0,1
1034,4.3,87.5,52.3,1,7.8,0,Good,73.1,1
1035,5.2,82.1,52.7,1,5.5,1,Average,69.3,1
1036,2.7,86.0,68.8,1,9.1,0,Average,79.6,1
1037,2.2,69.7,63.9,1,7.8,0,Average,68.5,1
1038,5.3,88.8,62.9,1,7.0,0,Average,76.3,1
1039,3.0,97.5,77.3,1,8.9,1,Good,86.4,1
1040,7.0,66.4,73.1,1,7.2,1,Average,72.7,1
1041,4.9,67.3,72.7,1,7.0,0,Poor,65.2,1
1042,8.5,94.0,74.1,1,6.2,1,Good,80.0,1
1043,7.3,75.7,77.2,1,7.7,1,Good,71.7,1
1044,3.8,94.8,36.4,1,7.6,1,Good,59.7,1
1045,8.5,72.7,62.5,1,7.0,0,Good,69.0,1
1046,8.2,95.5,35.3,0,6.1,1,Good,60.9,1
1047,4.5,79.6,68.5,0,7.2,1,Average,71.9,1
1048,3.6,81.1,67.9,1,6.9,1,Average,69.7,1
1049,7.1,96.8,83.7,1,5.4,0,Average,85.4,1
1050,2.3,73.7,85.8,1,5.2,1,Average,77.0,1
1051,2.8,66.7,71.0,1,7.7,0,Average,64.7,1
1052,1.1,72.6,60.5,1,4.0,1,Poor,58.7,1
1053,8.1,83.4,75.3,1,7.2,0,Good,77.0,1
1054,7.0,59.2,60.1,0,6.4,0,Good,63.9,1
1055,7.3,85.6,68.0,1,8.6,0,Good,80.9,1
1056,8.0,71.5,82.8,1,6.4,0,Average,68.1,1
1057,5.1,91.8,59.6,1,7.8,0,Average,71.8,1
1058,6.1,49.3,80.1,1,6.5,0,Average,74.9,1
1059,2.3,68.6,78.2,1,7.1,0,Average,66.9,1
1060,2.0,57.8,53.7,1,7.9,0,Good,60.9,1
1061,7.0,68.1,82.6,1,6.4,1,Good,79.2,1
1062,5.2,81.0,78.5,1,8.2,1,Good,73.5,1
1063,6.1,75.8,69.5,1,5.8,1,Good,74.6,1
1064,7.9,75.0,56.6,1,7.4,0,Good,61.3,1
1065,6.7,76.1,55.1,1,8.1,0,Average,63.2,1
1066,6.0,80.4,59.9,1,7.8,1,Poor,73.0,1
1067,6.0,65.9,76.1,1,9.3,0,Poor,71.8,1
1068,3.7,86.5,53.7,1,6.1,0,Average,61.8,1
1069,1.3,86.0,74.6,0,5.3,1,Average,65.0,1
1070,4.9,82.6,49.4,0,5.8,1,Average,55.6,1
1071,2.9,84.7,64.9,0,7.8,0,Good,64.0,1
1072,4.7,81.6,69.6,1,7.6,1,Average,76.3,1
1073,8.7,100.0,98.0,1,7.1,0,Good,88.0,1
1074,3.1,77.0,47.3,1,5.7,1,Good,61.0,1
1075,1.5,74.3,90.1,1,7.9,0,Average,72.7,1
1076,3.5,69.0,70.2,0,5.5,0,Good,50.1,1
1077,3.6,65.6,74.2,0,8.4,1,Average,58.0,1
1078,7.0,63.1,69.8,1,10.0,0,Average,80.1,1
1079,6.0,67.3,74.7,1,7.4,1,Average,73.6,1
1080,8.1,77.2,65.7,1,7.7,0,Good,66.4,1
1081,7.0,82.0,89.8,0,6.4,1,Average,65.4,1
1082,4.7,78.6,61.2,1,4.8,1,Average,64.1,1
1083,8.3,68.8,85.0,1,6.3,0,Good,85.4,1
1084,2.5,88.8,58.3,1,5.7,1,Good,66.7,1
1085,1.2,86.9,67.1,1,5.3,0,Average,72.5,1
1086,1.8,76.1,51.9,1,9.1,0,Average,64.3,1
1087,7.5,70.2,74.8,1,7.3,0,Average,74.6,1
1088,5.2,84.6,89.7,1,7.5,1,Good,76.1,1
1089,2.5,80.3,66.8,1,6.6,1,Average,73.0,1
1090,5.5,60.6,65.0,1,6.8,1,Average,62.8,1
1091,2.4,77.2,51.3,1,8.2,1,Average,68.0,1
1092,7.3,81.1,64.6,1,7.0,1,Average,67.6,1
1093,5.0,67.2,44.1,1,7.6,0,Average,58.7,1
1094,4.4,80.3,54.3,1,6.8,1,Average,67.0,1
1095,3.7,60.5,71.4,0,6.6,1,Average,57.3,1
1096,6.7,94.0,87.8,0,5.3,0,Average,75.4,1
1097,4.3,93.0,98.0,1,4.6,1,Average,80.6,1
1098,1.8,75.0,59.2,1,6.7,0,Poor,54.9,1
1099,2.1,82.4,89.5,0,7.1,0,Good,79.7,1
1100,9.7,49.1,71.7,0,5.5,0,Good,65.2,1
1101,9.2,64.1,65.7,1,7.0,0,Average,63.8,1
1102,7.3,74.5,74.5,1,7.1,0,Good,77.8,1
1103,3.4,65.1,68.9,0,4.4,1,Poor,48.0,0
1104,9.7,86.6,69.7,1,5.9,1,Poor,66.7,1
1105,8.0,100.0,61.9,1,7.5,0,Good,83.9,1
1106,7.5,63.9,47.0,1,7.5,0,Good,52.6,1
1107,5.0,68.0,44.8,0,5.6,0,Good,55.5,1
1108,3.5,80.8,77.8,0,7.2,0,Poor,61.0,1
1109,1.9,97.3,63.8,1,8.2,1,Good,74.0,1
1110,9.1,63.3,59.1,1,7.9,0,Average,68.7,1
1111,5.1,81.0,68.1,1,6.9,1,Average,74.5,1
1112,2.8,99.9,79.9,1,6.4,1,Average,73.8,1
1113,3.8,58.2,70.7,1,6.2,1,Good,69.7,1
1114,6.2,62.6,58.2,1,7.6,1,Poor,62.0,1
1115,2.6,72.9,86.4,1,7.2,0,Good,67.8,1
1116,8.7,71.8,91.7,1,7.8,1,Average,81.3,1
1117,7.8,87.8,75.4,1,7.2,1,Good,88.4,1
1118,7.5,80.9,82.6,1,8.0,1,Good,91.7,1
1119,4.9,56.7,86.6,1,7.1,1,Good,77.6,1
1120,6.6,84.2,85.0,1,7.9,1,Average,74.8,1
1121,6.3,71.1,77.2,0,8.0,1,Poor,67.3,1
1122,6.8,93.3,77.0,1,6.0,0,Average,81.6,1
1123,1.8,70.5,75.8,0,4.8,1,Average,62.4,1
1124,4.7,70.4,51.5,0,8.9,1,Poor,58.8,1
1125,1.4,84.5,78.5,1,7.3,0,Average,74.0,1
1126,5.4,87.2,47.7,1,4.9,1,Average,62.4,1
1127,4.0,83.4,56.1,1,6.1,0,Poor,57.5,1
1128,2.3,57.8,87.6,1,7.9,1,Poor,57.7,1
1129,1.9,84.5,80.6,1,6.7,0,Good,76.2,1
1130,6.3,65.6,90.3,1,6.4,0,Average,75.3,1
1131,2.5,80.8,63.9,1,8.7,1,Good,74.9,1
1132,9.3,60.9,50.7,1,5.7,0,Good,54.3,1
1133,6.2,83.4,64.4,0,6.0,0,Poor,62.4,1
1134,4.1,68.3,69.5,1,7.3,0,Good,79.7,1
1135,6.3,62.6,69.2,1,7.5,0,Average,67.4,1
1136,1.2,86.6,85.0,1,7.6,1,Good,78.4,1
1137,9.6,80.9,62.6,1,8.1,1,Poor,73.6,1
1138,5.3,70.6,73.3,1,7.2,0,Average,80.6,1
1139,8.0,95.4,53.2,0,7.6,1,Poor,57.6,1
1140,1.7,72.7,74.8,0,6.7,0,Average,60.8,1
1141,5.4,78.4,68.0,1,7.1,1,Good,68.7,1
1142,5.4,81.2,56.8,1,7.1,0,Good,65.1,1
1143,9.4,70.6,64.5,0,7.3,0,Good,64.7,1
1144,6.1,83.7,65.2,1,7.9,0,Good,81.2,1
1145,5.3,71.6,63.9,1,7.7,1,Good,80.3,1
1146,3.4,73.1,94.6,1,7.1,0,Poor,75.9,1
1147,4.0,94.4,66.5,1,6.0,0,Good,70.6,1
1148,5.7,65.5,64.3,0,7.1,1,Average,73.1,1
1149,5.0,49.0,36.5,1,7.0,1,Poor,45.0,0
1150,1.2,97.3,54.6,1,7.2,0,Average,63.0,1
1151,8.4,100.0,64.1,1,9.6,1,Good,74.1,1
1152,9.1,73.1,57.7,1,6.4,1,Average,75.7,1
1153,2.3,54.8,88.7,0,7.5,0,Average,66.9,1
1154,6.0,74.3,65.5,1,8.3,1,Average,84.5,1
1155,2.0,74.6,87.3,1,7.1,0,Poor,62.2,1
1156,7.1,75.7,68.9,1,9.8,1,Poor,81.0,1
1157,3.5,64.6,68.6,1,6.5,0,Good,65.8,1
1158,6.9,85.0,66.7,1,7.4,1,Good,80.6,1
1159,7.5,84.3,68.1,1,6.0,0,Poor,59.6,1
1160,7.9,60.1,93.8,1,6.6,0,Average,83.9,1
1161,2.0,86.4,33.2,1,7.3,1,Average,61.7,1
1162,9.2,100.0,38.0,1,8.0,0,Poor,65.7,1
1163,3.1,80.1,59.9,1,7.4,1,Average,70.4,1
1164,1.3,74.0,68.2,0,8.5,1,Good,59.0,1
1165,6.0,76.3,78.4,1,6.9,1,Average,71.5,1
1166,4.3,85.4,75.1,1,6.6,0,Average,70.0,1
1167,8.5,57.2,62.2,1,10.0,1,Average,59.6,1
1168,8.3,80.0,83.3,1,7.5,0,Poor,80.8,1
1169,3.9,73.3,83.5,1,6.1,0,Average,77.9,1
1170,9.6,100.0,70.8,1,6.2,1,Good,78.9,1
1171,3.6,75.9,82.4,1,5.9,1,Good,76.5,1
1172,5.6,98.0,72.1,1,8.1,0,Good,78.8,1
1173,3.3,64.8,59.6,1,6.6,0,Good,63.8,1
1174,9.4,85.0,78.5,1,7.2,1,Average,77.2,1
1175,2.5,81.8,69.7,1,6.9,1,Good,66.9,1
1176,1.4,67.6,68.0,0,7.9,0,Average,62.9,1
1177,4.9,80.1,90.1,1,6.0,1,Poor,74.6,1
1178,9.9,92.6,31.2,1,5.7,0,Poor,69.8,1
1179,9.0,74.1,46.7,1,7.3,0,Poor,61.1,1
1180,7.7,57.7,50.2,1,7.7,1,Poor,53.3,1
1181,9.0,77.8,62.6,1,7.4,1,Average,79.3,1
1182,9.0,67.2,64.2,1,6.0,0,Good,72.2,1
1183,5.7,73.9,45.4,1,7.8,0,Good,67.0,1
1184,3.8,77.0,53.2,1,6.1,0,Average,67.3,1
1185,7.9,57.5,55.1,1,6.4,1,Poor,55.0,1
1186,7.0,58.6,98.0,0,5.9,0,Good,69.5,1
1187,4.4,83.8,95.0,1,8.6,0,Average,81.6,1
1188,1.9,71.7,61.8,1,7.8,1,Poor,54.6,1
1189,7.7,47.2,62.5,1,7.7,0,Average,60.2,1
1190,3.4,87.4,50.8,1,8.5,1,Average,74.6,1
1191,9.4,81.3,39.4,1,10.0,0,Average,68.5,1
1192,3.2,69.4,66.2,1,4.9,1,Good,57.4,1
1193,2.1,62.2,53.0,1,6.1,0,Good,48.4,0
1194,8.5,88.0,66.7,1,6.3,0,Good,84.6,1
1195,2.4,82.2,44.0,1,6.0,0,Poor,53.8,1
1196,2.6,100.0,56.6,1,5.7,1,Good,66.8,1
1197,6.4,83.0,70.2,1,6.6,1,Good,73.9,1
1198,8.9,82.7,73.5,1,5.5,0,Average,65.7,1
1199,2.8,76.0,74.3,1,7.4,0,Average,77.2,1
1200,3.8,87.8,48.2,0,7.1,1,Average,55.6,1
1201,8.0,85.5,80.8,1,7.6,0,Average,87.0,1
1202,9.7,93.0,56.0,1,7.6,0,Poor,71.0,1
1203,5.5,71.7,77.5,1,7.7,1,Average,81.6,1
1204,2.3,72.8,67.8,1,6.6,0,Poor,62.9,1
1205,1.1,72.3,47.4,0,9.5,0,Average,57.2,1
1206,3.1,87.5,63.3,1,7.3,0,Poor,69.5,1
1207,2.2,96.0,73.5,1,4.8,0,Good,75.9,1
1208,7.1,72.5,77.2,0,5.8,0,Average,66.1,1
1209,2.1,72.9,65.9,1,4.9,1,Average,61.4,1
1210,5.6,81.8,91.0,1,7.0,1,Average,91.4,1
1211,7.2,75.1,83.1,0,6.9,0,Good,65.8,1
1212,6.2,89.4,64.2,1,6.4,1,Average,72.5,1
1213,2.8,51.0,79.3,1,9.4,0,Good,69.2,1
1214,8.2,68.1,97.0,1,7.7,1,Average,84.8,1
1215,7.4,68.6,97.4,1,7.9,0,Poor,75.6,1
1216,7.7,50.2,49.6,1,5.9,1,Average,58.3,1
1217,2.2,66.4,54.1,0,5.8,0,Average,48.3,0
1218,2.1,67.0,90.3,1,7.0,0,Good,65.1,1
1219,9.3,75.6,52.1,1,7.2,0,Good,68.5,1
1220,4.6,91.4,48.2,1,4.8,0,Average,55.7,1
1221,3.7,75.1,60.7,1,6.8,0,Good,56.4,1
1222,5.4,65.6,74.3,0,7.0,1,Average,63.5,1
1223,7.0,77.3,66.5,1,6.7,1,Average,73.8,1
1224,9.6,90.6,58.2,1,6.0,0,Average,74.4,1
1225,3.6,66.3,57.9,1,6.4,1,Poor,61.4,1
1226,9.3,67.1,57.3,1,6.8,1,Good,58.3,1
1227,1.2,84.7,54.8,1,7.1,1,Poor,53.6,1
1228,6.0,75.3,98.0,1,7.7,1,Average,93.9,1
1229,6.7,85.8,72.5,1,8.3,1,Average,72.0,1
1230,2.0,77.8,81.3,1,6.6,0,Poor,71.1,1
1231,2.3,86.4,60.7,0,6.5,1,Poor,53.1,1
1232,4.8,65.6,65.2,1,7.5,1,Good,68.9,1
1233,9.7,77.9,57.3,1,7.7,0,Poor,63.6,1
1234,6.4,75.5,30.0,1,6.5,0,Average,57.5,1
1235,9.4,63.4,47.3,1,7.9,0,Average,63.0,1
1236,8.2,59.2,40.8,0,8.2,1,Average,50.0,1
1237,5.2,86.2,34.3,1,8.6,0,Average,55.1,1
1238,8.1,73.8,50.1,1,9.1,1,Good,71.7,1
1239,1.2,65.7,87.9,1,6.0,1,Good,65.1,1
1240,2.0,76.8,67.3,1,7.0,1,Poor,66.5,1
1241,8.5,91.5,87.4,0,7.0,0,Good,92.7,1
1242,8.2,50.6,74.2,0,6.9,1,Average,68.3,1
1243,3.1,60.0,79.7,0,6.2,1,Average,64.0,1
1244,5.8,66.9,54.5,0,5.2,0,Good,53.5,1
1245,6.5,95.5,75.9,0,7.1,1,Good,64.2,1
1246,8.8,81.4,78.9,1,6.1,0,Good,71.0,1
1247,6.4,87.2,59.4,0,7.1,1,Average,71.2,1
1248,4.7,64.3,76.4,0,6.0,0,Average,55.3,1
1249,4.4,64.6,76.5,1,5.7,0,Average,62.3,1
1250,4.8,83.4,59.8,1,7.3,0,Poor,63.7,1
1251,6.9,78.7,51.2,1,7.2,0,Good,60.9,1
1252,8.8,84.6,50.2,1,7.7,0,Poor,58.7,1
1253,5.1,75.7,69.3,1,9.6,1,Average,73.8,1
1254,3.2,81.3,72.9,1,7.3,0,Poor,62.7,1
1255,3.1,79.9,56.1,1,7.6,0,Average,60.0,1
1256,7.7,87.3,68.4,1,5.7,1,Average,69.5,1
1257,8.3,87.7,76.6,1,5.5,1,Average,80.2,1
1258,1.9,58.6,77.3,1,8.9,0,Average,65.7,1
1259,1.6,51.0,91.3,1,5.9,1,Poor,63.2,1
1260,6.3,90.0,87.2,0,5.7,0,Average,75.3,1
1261,2.3,92.3,53.0,1,7.0,1,Average,65.6,1
1262,8.4,65.8,93.3,1,6.9,0,Good,78.6,1
1263,3.8,55.7,60.0,0,5.9,1,Average,54.2,1
1264,2.3,79.2,83.7,1,6.6,1,Average,77.5,1
1265,9.3,89.2,69.0,1,8.5,1,Average,79.2,1
1266,2.5,99.6,61.8,1,6.0,1,Good,73.0,1
1267,3.6,84.2,40.9,1,5.3,1,Good,56.0,1
1268,2.4,73.5,65.4,1,8.1,0,Average,61.2,1
1269,2.0,67.3,44.6,0,7.6,1,Average,54.0,1
1270,1.2,78.1,82.5,1,6.3,1,Poor,71.1,1
1271,1.5,74.4,90.8,1,5.1,1,Good,76.8,1
1272,2.6,65.8,56.0,0,6.1,0,Average,52.1,1
1273,1.5,100.0,72.5,1,6.9,0,Average,73.8,1
1274,6.3,99.4,57.1,1,8.4,1,Good,81.3,1
1275,7.1,91.6,58.6,1,5.8,0,Good,76.6,1
1276,4.5,66.9,79.6,1,6.9,0,Poor,71.7,1
1277,3.9,88.3,67.4,1,7.8,0,Poor,68.2,1
1278,5.5,85.7,94.1,1,4.1,1,Poor,83.6,1
1279,8.9,83.3,60.8,1,8.2,0,Average,74.2,1
1280,8.7,93.0,83.0,1,5.6,0,Poor,80.7,1
1281,1.4,85.6,69.5,1,7.4,0,Good,72.5,1
1282,2.6,86.9,79.9,0,7.3,1,Good,72.1,1
1283,3.1,85.6,61.3,1,8.3,1,Average,66.1,1
1284,3.2,82.1,67.3,1,7.7,0,Average,73.1,1
1285,6.1,56.6,66.3,1,4.1,0,Average,74.9,1
1286,4.7,79.0,55.5,0,6.1,1,Poor,52.4,1
1287,1.4,71.3,77.9,1,7.2,0,Good,70.3,1
1288,4.4,62.6,77.8,1,6.8,1,Poor,63.6,1
1289,5.7,98.2,76.9,0,7.6,0,Poor,66.8,1
1290,1.9,98.7,91.1,1,7.9,1,Average,92.0,1
1291,8.5,94.3,89.7,1,7.7,0,Poor,79.2,1
1292,1.5,81.1,62.4,1,6.7,1,Average,63.0,1
1293,9.3,94.2,73.6,1,4.8,0,Good,69.7,1
1294,1.9,78.1,58.6,1,6.5,1,Good,61.3,1
1295,8.6,80.4,68.4,1,7.5,1,Average,65.8,1
1296,9.1,64.9,59.0,1,5.7,1,Good,70.7,1
1297,9.8,82.8,92.3,1,7.8,0,Average,100.0,1
1298,8.2,78.7,73.5,1,8.1,0,Good,75.7,1
1299,8.0,62.4,64.7,1,7.2,1,Average,58.7,1
1300,6.8,77.4,85.9,1,4.0,1,Average,79.5,1
1301,8.0,77.0,35.4,1,5.5,0,Good,54.9,1
1302,2.2,99.6,37.8,1,9.3,0,Average,71.4,1
1303,5.8,88.7,79.9,1,6.3,0,Poor,71.7,1
1304,5.6,78.1,68.9,1,4.6,1,Average,64.6,1
1305,8.7,81.0,71.8,0,8.5,1,Average,70.2,1
1306,5.2,78.5,48.1,1,7.0,1,Average,67.4,1
1307,4.5,75.6,67.7,1,8.3,1,Average,69.8,1
1308,6.8,65.0,98.0,1,7.3,0,Good,78.0,1
1309,3.4,76.2,80.4,1,7.6,0,Average,71.5,1
1310,2.3,69.0,70.5,1,7.4,0,Average,58.5,1
1311,5.3,63.0,61.4,1,7.8,1,Average,67.3,1
1312,4.8,84.1,62.1,1,9.7,0,Good,64.2,1
1313,3.1,82.7,36.1,0,8.2,0,Average,48.7,0
1314,4.3,56.6,71.9,0,5.1,0,Poor,55.4,1
1315,4.3,76.5,80.7,0,7.5,0,Average,68.1,1
1316,3.9,89.9,44.4,0,8.4,1,Good,64.1,1
1317,4.4,90.7,58.1,1,8.4,0,Good,71.8,1
1318,7.2,90.3,50.6,1,6.5,0,Average,73.5,1
1319,3.7,78.5,53.5,1,8.4,1,Good,73.0,1
1320,9.5,67.9,68.8,0,8.1,0,Average,67.5,1
1321,9.2,65.0,36.7,1,10.0,0,Poor,63.5,1
1322,5.3,82.1,77.2,0,6.1,0,Poor,66.8,1
1323,4.0,82.6,79.3,1,6.4,1,Poor,68.9,1
1324,5.8,93.4,64.2,0,6.6,0,Average,57.6,1
1325,8.6,91.2,30.8,1,6.4,1,Average,64.8,1
1326,6.9,76.4,53.1,1,5.9,1,Average,67.5,1
1327,8.2,63.1,86.5,1,4.0,1,Average,78.0,1
1328,5.8,74.2,30.0,1,6.5,0,Average,48.3,0
1329,6.7,80.6,62.8,1,7.4,1,Good,68.3,1
1330,3.6,75.6,50.3,1,6.4,0,Good,64.0,1
1331,7.6,71.1,80.1,1,9.3,0,Average,76.8,1
1332,2.8,81.0,57.9,1,7.0,0,Average,53.6,1
1333,7.3,72.0,74.1,1,8.5,0,Average,75.9,1
1334,8.7,70.5,76.5,1,7.3,0,Average,63.7,1
1335,2.2,81.7,95.5,1,8.0,0,Average,74.1,1
1336,6.5,73.2,65.0,1,7.3,0,Average,75.7,1
1337,1.9,80.9,73.6,1,8.6,0,Good,83.4,1
1338,7.5,81.3,45.7,1,7.1,1,Average,58.6,1
1339,1.8,64.3,85.9,1,7.6,1,Poor,66.6,1
1340,9.4,72.2,56.6,1,7.4,0,Average,67.8,1
1341,2.2,95.3,59.6,1,6.7,1,Good,81.0,1
1342,9.6,64.1,67.7,1,7.5,0,Poor,64.1,1
1343,8.2,52.6,44.6,1,9.7,0,Good,59.0,1
1344,6.3,55.7,71.4,1,6.7,0,Average,73.3,1
1345,8.0,78.3,82.5,1,7.5,0,Average,75.9,1
1346,8.2,78.4,72.4,1,8.5,0,Average,79.7,1
1347,9.5,76.6,44.2,0,8.4,0,Poor,47.4,0
1348,3.3,92.6,66.1,1,7.0,0,Good,71.9,1
1349,6.3,45.9,79.1,1,4.1,0,Average,52.2,1
1350,1.9,82.8,39.8,1,7.6,0,Good,53.9,1
1351,6.5,96.7,51.9,1,4.3,0,Average,70.3,1
1352,2.5,64.5,81.1,1,8.8,0,Good,72.2,1
1353,6.1,73.4,72.1,1,7.2,0,Good,70.8,1
1354,6.2,69.0,74.2,1,8.2,0,Average,67.5,1
1355,5.2,67.3,95.9,1,5.9,0,Average,74.0,1
1356,5.7,74.1,75.0,1,5.1,0,Good,72.2,1
1357,7.9,95.1,77.9,1,7.3,0,Average,86.0,1
1358,8.2,100.0,98.0,1,7.0,1,Good,78.5,1
1359,5.4,74.0,64.8,1,6.4,0,Average,61.6,1
1360,6.4,100.0,56.0,1,7.1,0,Average,72.9,1
1361,9.4,78.4,74.4,1,10.0,0,Poor,76.1,1
1362,2.1,99.0,74.6,1,8.0,1,Good,81.9,1
1363,2.1,76.9,60.1,1,8.3,1,Good,69.9,1
1364,1.8,79.6,52.5,1,8.0,1,Poor,58.9,1
1365,6.9,82.4,98.0,1,8.8,1,Good,86.4,1
1366,4.8,100.0,72.9,0,6.8,0,Good,70.2,1
1367,8.0,88.2,57.0,0,4.5,1,Poor,64.7,1
1368,7.0,69.5,81.7,1,6.8,0,Poor,66.3,1
1369,4.0,89.6,66.4,1,8.0,1,Good,75.3,1
1370,9.1,73.7,64.2,1,5.8,0,Average,69.4,1
1371,7.9,72.1,76.4,1,6.8,0,Poor,78.4,1
1372,3.4,88.9,48.6,1,6.2,1,Good,63.9,1
1373,4.3,78.4,73.3,0,8.8,0,Average,71.3,1
1374,3.8,81.3,96.7,1,7.9,1,Good,91.3,1
1375,2.4,78.2,75.0,0,7.8,0,Good,65.1,1
1376,2.3,82.0,62.4,1,7.7,1,Good,68.9,1
1377,9.4,83.1,60.4,1,7.0,1,Average,71.2,1
1378,4.9,54.8,61.8,0,7.2,0,Average,51.9,1
1379,4.4,86.0,64.2,0,5.6,1,Average,66.5,1
1380,7.6,66.2,62.3,1,4.4,1,Poor,62.0,1
1381,6.0,60.7,81.7,0,7.2,1,Good,68.3,1
1382,9.4,77.3,42.0,1,7.4,0,Poor,54.2,1
1383,8.0,79.0,80.9,0,8.5,0,Average,66.6,1
1384,5.3,69.7,62.3,1,8.9,1,Poor,77.7,1
1385,4.4,88.0,73.7,1,8.9,0,Average,75.1,1
1386,9.9,61.9,51.1,1,5.8,0,Average,56.5,1
1387,7.5,73.1,87.9,0,6.6,0,Average,77.7,1
1388,9.6,71.0,86.7,1,7.6,1,Good,84.2,1
1389,2.1,77.4,82.4,1,10.0,0,Poor,76.1,1
1390,8.7,81.3,45.3,0,8.8,1,Good,62.9,1
1391,6.7,65.9,80.4,0,8.3,1,Good,68.4,1
1392,2.1,86.7,74.1,1,6.5,0,Average,69.5,1
1393,6.3,78.8,43.9,1,5.9,0,Good,54.1,1
1394,7.2,55.3,67.6,0,7.9,1,Average,59.7,1
1395,1.1,54.5,73.5,0,5.7,0,Average,53.8,1
1396,5.1,77.9,76.3,1,6.7,1,Average,83.5,1
1397,8.4,75.3,70.7,1,6.9,1,Poor,71.1,1
1398,3.7,76.8,72.4,1,8.9,1,Good,62.5,1
1399,5.1,77.7,90.1,1,6.6,0,Good,78.3,1
1400,5.0,80.7,86.4,1,4.1,1,Good,91.2,1
1401,3.7,89.4,30.0,1,7.6,1,Average,63.7,1
1402,9.3,64.7,63.2,1,6.2,0,Average,61.7,1
1403,8.0,63.9,65.5,1,7.1,1,Good,73.7,1
1404,2.0,64.9,41.7,1,6.9,1,Average,49.9,0
1405,10.0,81.5,69.4,0,6.7,1,Poor,58.6,1
1406,8.9,92.9,86.7,1,7.9,0,Average,83.1,1
1407,3.6,72.8,51.7,1,5.2,0,Average,58.1,1
1408,8.5,48.0,73.0,0,6.4,0,Average,47.5,0
1409,2.0,57.6,54.3,1,7.8,0,Poor,47.2,0
1410,10.0,68.0,57.9,1,6.3,0,Average,65.9,1
1411,7.0,71.3,90.2,1,5.1,1,Average,73.9,1
1412,6.9,73.1,59.9,1,7.8,0,Average,69.5,1
1413,1.8,78.5,74.9,1,8.3,1,Poor,62.5,1
1414,9.1,74.3,39.9,1,6.9,0,Average,64.7,1
1415,1.3,90.6,95.9,0,4.6,0,Good,64.9,1
1416,3.2,69.9,77.0,1,7.8,0,Average,78.7,1
1417,2.3,67.7,65.3,1,5.0,0,Good,52.4,1
1418,8.0,83.7,76.6,1,7.4,1,Good,74.6,1
1419,2.8,59.6,46.9,0,5.9,1,Average,49.1,0
1420,9.2,82.7,85.7,1,5.6,1,Good,91.5,1
1421,6.9,79.2,63.1,1,6.5,0,Good,72.2,1
1422,1.3,76.2,64.9,1,6.8,1,Average,68.3,1
1423,1.0,97.1,60.6,0,6.2,0,Poor,56.9,1
1424,1.5,70.5,59.3,1,7.7,1,Poor,54.3,1
1425,6.5,100.0,78.4,1,6.5,0,Good,79.0,1
1426,8.2,75.3,71.8,0,8.2,0,Good,62.6,1
1427,3.1,62.7,77.8,1,7.3,0,Good,62.1,1
1428,8.6,78.8,67.9,0,6.2,0,Good,68.5,1
1429,1.5,65.1,75.7,1,6.0,0,Poor,54.6,1
1430,8.2,69.0,61.7,1,5.0,1,Good,69.4,1
1431,9.4,82.8,98.0,0,7.3,1,Average,73.4,1
1432,7.9,84.7,44.5,1,6.6,1,Good,69.1,1
1433,7.3,70.5,86.9,1,4.2,0,Poor,66.5,1
1434,8.5,89.8,88.5,1,6.4,1,Average,91.6,1
1435,1.4,91.9,55.2,1,5.9,0,Good,67.0,1
1436,2.8,95.2,98.0,1,8.9,0,Good,94.7,1
1437,2.1,84.4,82.9,0,5.0,0,Average,59.9,1
1438,5.5,94.4,82.6,1,5.3,0,Average,77.5,1
1439,7.7,55.4,68.4,1,8.3,1,Average,63.2,1
1440,6.7,74.2,64.7,1,8.6,0,Good,70.2,1
1441,8.7,67.6,64.9,1,6.1,0,Average,65.5,1
1442,2.4,79.4,73.9,1,6.2,1,Average,65.7,1
1443,7.6,71.1,89.0,0,7.7,0,Average,64.7,1
1444,2.7,76.0,70.7,1,4.2,1,Average,57.2,1
1445,3.4,100.0,54.3,0,4.8,0,Average,45.5,0
1446,7.4,76.0,80.4,1,6.7,1,Average,70.6,1
1447,9.8,83.0,81.8,1,8.9,1,Good,89.6,1
1448,6.5,75.2,77.8,1,6.5,1,Good,67.3,1
1449,1.5,78.9,79.2,1,7.1,1,Good,66.5,1
1450,6.5,78.1,63.9,1,8.4,1,Average,82.1,1
1451,1.4,83.4,54.1,1,9.5,1,Average,63.5,1
1452,9.0,92.0,55.0,1,6.3,0,Good,74.3,1
1453,7.4,97.8,43.5,1,7.0,0,Good,72.9,1
1454,2.6,81.7,71.6,0,9.2,1,Average,70.4,1
1455,1.8,85.1,66.7,0,5.2,0,Good,51.7,1
1456,2.7,64.2,61.4,1,8.2,0,Good,62.9,1
1457,9.8,76.9,30.0,1,5.8,0,Good,50.0,1
1458,5.1,89.3,49.3,1,7.1,0,Good,80.7,1
1459,8.1,88.4,84.8,0,6.7,0,Average,64.9,1
1460,6.7,80.5,58.0,1,5.9,1,Average,61.6,1
1461,6.2,88.6,73.4,1,5.8,1,Average,69.2,1
1462,2.3,83.9,47.1,1,7.3,1,Poor,50.9,1
1463,9.5,92.4,89.6,1,8.2,0,Good,96.4,1
1464,3.7,81.5,65.8,1,6.8,0,Average,81.0,1
1465,6.2,73.7,72.4,1,7.1,1,Poor,66.6,1
1466,7.3,82.0,98.0,1,7.7,0,Good,79.3,1
1467,6.8,45.0,90.7,1,5.8,1,Good,59.5,1
1468,9.5,82.6,63.4,1,7.9,0,Good,74.5,1
1469,2.3,45.0,59.1,0,8.0,1,Average,48.1,0
1470,5.6,57.3,63.1,0,10.0,0,Good,57.5,1
1471,4.6,83.4,75.6,1,6.5,1,Average,75.0,1
1472,5.3,83.7,66.4,1,6.5,1,Average,73.2,1
1473,2.1,64.1,62.1,0,7.9,0,Poor,53.3,1
1474,2.2,69.5,90.0,1,8.0,1,Average,73.6,1
1475,3.5,94.4,66.3,1,6.4,0,Good,66.7,1
1476,3.7,72.2,98.0,1,6.5,1,Average,82.0,1
1477,4.9,100.0,69.4,1,7.6,1,Average,78.0,1
1478,6.5,78.0,94.8,1,6.0,0,Good,86.0,1
1479,6.7,82.9,73.4,1,6.5,0,Good,79.6,1
1480,4.7,97.4,82.4,1,7.1,1,Average,73.4,1
1481,4.7,79.6,57.1,1,8.2,0,Good,60.8,1
1482,3.0,66.0,55.2,1,6.3,1,Good,57.3,1
1483,6.3,76.7,74.9,1,4.8,1,Good,67.0,1
1484,3.9,77.6,82.8,0,4.7,1,Good,70.9,1
1485,1.3,61.6,68.6,1,5.5,0,Good,63.1,1
1486,4.8,74.9,48.7,1,5.4,1,Good,67.9,1
1487,5.3,69.1,47.6,0,6.8,1,Average,55.4,1
1488,3.0,89.1,46.6,0,5.6,0,Average,54.3,1
1489,6.2,78.4,41.5,1,6.2,0,Average,65.6,1
1490,6.1,74.6,69.6,0,6.1,0,Good,65.9,1
1491,7.3,76.7,84.9,1,6.5,0,Average,76.8,1
1492,6.8,80.7,67.8,0,8.6,1,Good,78.2,1
1493,6.9,85.4,34.1,1,7.8,0,Poor,58.6,1
1494,3.8,66.0,65.1,1,7.0,1,Average,63.3,1
1495,8.1,65.5,65.6,1,6.4,0,Average,61.9,1
1496,5.9,91.3,98.0,1,6.5,0,Average,88.1,1
1497,4.9,73.1,46.1,0,7.4,0,Poor,56.6,1
1498,6.6,61.0,62.1,1,7.7,1,Average,65.6,1
1499,4.2,83.3,93.6,1,5.9,1,Good,88.6,1
1500,5.6,83.6,74.7,1,7.0,0,Average,62.8,1
